Time,Rating,Sentiment,Product
1995,4.611111111111111,Excellent,Books
1996,4.602355460385439,Excellent,Books
1997,4.433925157060912,Excellent,Books
1998,4.304548576346079,Good,Books
1999,4.212570381789262,Average,Books
2000,4.2389315519698005,Average,Books
2001,4.199581479924747,Average,Books
2002,4.166533530421827,Fair,Books
2003,4.133782297216212,Fair,Books
2004,4.116753147956809,Fair,Books
2005,4.14908234273661,Fair,Books
