Time,Rating
2000,4.333333333333333
2001,3.6
2002,4.393605292171996
2003,4.0936626281453865
2004,4.077216801018244
2005,3.9479196150580242
2006,3.90662278897573
2007,4.042399969191666
2008,4.036593676849685
2009,4.048380712905404
2010,3.994711949597724
2011,4.018848579719697
2012,4.103377001562105
2013,4.116522122472333
2014,4.104898852214316
2015,4.111915630076736
