Time,Rating
1999,3.2
2000,4.032258064516129
2001,3.9166666666666665
2002,4.111111111111111
2003,3.86
2004,3.8540925266903914
2005,3.693939393939394
2006,3.752054794520548
2007,4.000900292595094
2008,3.9724207638437656
2009,3.9798671734681093
2010,4.005191294297412
2011,4.063601092110935
2012,4.143288448490202
2013,4.209058964675684
2014,4.26717259371536
2015,4.296954624480444
