Time,Rating
1999,4.553571428571429
2000,4.369098712446352
2001,3.9021361152508693
2002,3.690338807515905
2003,3.726006470165349
2004,3.7282195809337093
2005,3.8188655916748235
2006,3.87888153053716
2007,4.050194010546214
2008,4.101088253371416
2009,4.057668312266045
2010,4.024324278351393
2011,4.0176901354520655
2012,4.071612443667087
2013,4.192106562992941
2014,4.20438074646335
2015,4.244122731287546
