Time,Rating
2000,4.0
2001,3.7782101167315174
2002,3.6790123456790123
2003,3.7547923322683707
2004,4.066870144284128
2005,4.044112054759792
2006,4.054559558696776
2007,4.1537246366636245
2008,4.149315868301475
2009,4.119377434625395
2010,4.071426323243981
2011,4.054887596620429
2012,4.087028192972508
2013,4.157338167124637
2014,4.197596397151027
2015,4.236968545108583
