Time,Rating
1995,4.611111111111111
1996,4.602355460385439
1997,4.433925157060912
1998,4.304548576346079
1999,4.212570381789262
2000,4.2389315519698005
2001,4.199581479924747
2002,4.166533530421827
2003,4.133782297216212
2004,4.116753147956809
2005,4.14908234273661
