Time,Rating
1998,5.0
1999,4.342105263157895
2000,4.179353152564522
2001,4.076297577854671
2002,3.97416918429003
2003,3.9309686221009548
2004,3.8086956521739133
2005,3.8598653547384774
2006,3.9547590701171753
2007,4.127295202286833
2008,4.091891230788047
2009,4.027877149310077
2010,3.9912549563355957
2011,3.9852640025409776
2012,4.037126986499278
2013,4.143269743024919
2014,4.187105275603076
2015,4.189228885041806
