Time,Rating
1999,5.0
2000,4.0
2001,4.625
2002,3.6666666666666665
2003,5.0
2004,4.538461538461538
2005,3.5789473684210527
2006,4.0
2007,3.9447731755424065
2008,3.945872801082544
2009,3.7769883623738187
2010,3.8216405194194722
2011,4.0554089633756405
2012,4.215064964090653
2013,4.29351196878333
