Time,Rating
2006,4.0
2008,2.0
2009,3.89237668161435
2010,3.733829870638965
2011,3.6483516483516483
2012,3.683653209794838
2013,3.747001040101699
2014,3.9450569601393632
2015,4.0268966922502205
