Time,Rating
1999,3.9044222539229674
2000,3.9651136619401304
2001,3.74402481299033
2002,3.620401337792642
2003,3.611212861212861
2004,3.5277358939766685
2005,3.640859787043487
2006,3.7001284825534215
2007,3.9379655436571968
2008,3.9283677282497225
2009,3.9208818717816403
2010,3.8962741620711157
2011,3.911921280212086
2012,3.9792815160302104
2013,4.060264858984618
2014,4.0826718058948135
2015,4.10908320809866
