Time,Rating
2000,4.909090909090909
2001,4.2368421052631575
2002,4.115942028985507
2003,3.8859375
2004,3.4833333333333334
2005,3.8225419664268587
2006,3.801169590643275
2007,3.890969162995595
2008,3.819533961328706
2009,3.869406792012826
2010,3.9385301993454327
2011,3.931578947368421
2012,3.9747724784732776
2013,4.045975989328591
2014,4.106397091046915
2015,4.1579036997726755
