Time,Rating
1999,5.0
2000,4.0
2001,4.96
2002,4.462962962962963
2003,4.564516129032258
2004,4.533980582524272
2005,4.460195172059579
2006,4.226920854997111
2007,4.322221823531523
2008,4.30626067495141
2009,4.269145156457343
2010,4.217235538366986
2011,4.139824396927848
2012,4.181679422367039
2013,4.295915948251987
2014,4.330465663670525
2015,4.37434142172356
