Time,Rating
1999,4.0
2000,4.425531914893617
2001,4.004385964912281
2002,3.6747474747474747
2003,3.723263506063947
2004,4.01951951951952
2005,4.007332854061826
2006,4.02422783794625
2007,4.133489131658971
2008,4.108140601120733
2009,4.028507445608644
2010,3.993501258944477
2011,4.008456409096295
2012,4.042624640945877
2013,4.10252653648747
2014,4.167598858579477
2015,4.238305925612631
