Time,Rating
2001,4.0
2002,3.357142857142857
2003,2.3278688524590163
2004,3.7217391304347824
2005,3.2723214285714284
2006,3.383747178329571
2007,3.6062364031907177
2008,3.689142857142857
2009,3.688073394495413
2010,3.714183278359386
2011,3.723837452869711
2012,3.72262820927375
2013,3.839229883166036
2014,3.7523332574550423
2015,3.808133472367049
