Time,Rating
1999,5.0
2000,4.105263157894737
2001,4.162162162162162
2002,3.71
2003,3.6423076923076922
2004,3.9642058165548097
2005,3.9332355099046223
2006,3.9443316903450274
2007,4.1371986222732495
2008,4.074243289548829
2009,4.091879272969818
2010,4.0991878632971925
2011,4.1262223962573295
2012,4.161618581584921
2013,4.237686769772319
2014,4.254046315345548
2015,4.282001396335073
