Time,Rating
2000,4.444444444444445
2001,3.9441624365482233
2002,3.801470588235294
2003,3.6146572104018913
2004,3.5576923076923075
2005,3.649592549476135
2006,3.7168059424326834
2007,3.8213613128867365
2008,3.9
2009,3.8567825112107625
2010,3.8530927835051547
2011,3.755004922874959
2012,3.893929196392516
2013,3.9627591405955522
2014,4.027060270602706
2015,4.280127741624487
