Time,Rating
1997,4.0
1998,2.0
1999,4.482142857142857
2000,4.275167785234899
2001,4.176829268292683
2002,3.9714285714285715
2003,3.906530089628681
2004,3.7795953508394318
2005,3.6884955752212387
2006,3.8970110120608283
2007,4.067278701853044
2008,4.045674605115164
2009,4.01272712187837
2010,3.998686448012871
2011,4.088750399798404
2012,4.1269799068658255
2013,4.212282776623515
2014,4.251027284217182
2015,4.296504230986467
