Time,Rating
1999,4.365030674846626
2000,4.255694760820045
2001,4.116883116883117
2002,4.110062893081761
2003,4.039033045021069
2004,3.8941527955612463
2005,3.912002588159172
2006,4.053615294243298
2007,4.185415338857021
2008,4.141686538044657
2009,4.114074474190608
2010,4.088696034274415
2011,4.093486797562627
2012,4.155715466296602
2013,4.244494302039571
2014,4.294212203518718
2015,4.333704318227002
